runner_mode,student_id,name,grade,grade_group,segment,expected_grade_group,expected_ability,expected_diligence,expected_segment,classification_ok,preferred_subject,strong_subject,recent_avg_score,avg_completion_rate,wrong_content_rate,wrong_content_total,wrong_content_done,skipping_habit,guessing_habit,careless_habit,wrong_cause,frequent_wrong_type,task_index,task_count,available_units,task_subject,task_unit,task_difficulty,ai_predicted_score,problem_id,touchpoint,use_case,turn,tp4_cause,scenario_label,has_wrong_answers,wrong_content_done_today,response_text,choices,message_types,error
graph,lower-low-diligent,지아,2,lower,못함+성실,lower,low,diligent,못함+성실,True,국어,국어,72,86,75,4,3,False,False,False,개념 부족,문장 뜻 파악,1,4,1. 국어 - 받침이 있는 낱말 읽기 | 2. 수학 - 한 자리 수 더하기 | 3. 통합 - 봄 관찰하기 | 4. 영어 - 알파벳 익히기,국어,받침이 있는 낱말 읽기,하,72,lower_korean_reading_001,tp1,talk,1,,TP1 home-screen entry,True,False,"지아야, 안녕! 뽀롱~  
오늘은 **""국어 - 받침이 있는 낱말 읽기""**를 추천해 줄게!  
지아가 좋아하는 국어 과목이고, 난이도도 쉬워서 재미있게 할 수 있을 거야.  
받침 있는 낱말을 하나씩 읽어보며 자신감을 키워보자!  
어떤 단어가 나올지 궁금하지? 같이 시작해 볼까? 😊  

(추천 이유: 선호 과목 + 난이도 하 + 예상점수 72점으로 현재 수준과 적합)",,text,
graph,lower-low-diligent,지아,2,lower,못함+성실,lower,low,diligent,못함+성실,True,국어,국어,72,86,75,4,3,False,False,False,개념 부족,문장 뜻 파악,1,4,1. 국어 - 받침이 있는 낱말 읽기 | 2. 수학 - 한 자리 수 더하기 | 3. 통합 - 봄 관찰하기 | 4. 영어 - 알파벳 익히기,국어,받침이 있는 낱말 읽기,하,72,lower_korean_reading_001,tp1,chat,2,,TP1 home-screen entry simulated student follow-up,True,False,"와, 지아야! 좋은 선택이야~  
오늘은 **""가지, 나비, 공책, 토끼""** 같은 받침 있는 낱말을 같이 읽어볼 거예요.  
쌤은 빨간 책으로 단어를 천천히 보여줄 테니까, 지아가 큰 소리로 따라 읽어보자!  

> ""가~지!"" (ㄴ 받침)  
> ""나~비!"" (ㅂ 받침)  
> ""공~책!"" (ㅊ 받침)  
> ""토~끼!"" (ㄲ 받침)  

한 단어씩 천천히 해도 괜찮아.  
첫 번째 단어 **""가""** 다음 받침은 **""ㄴ""**이에요. **""가""**에 **""ㄴ""**이 붙으면?  

(학생 이름을 부르지 않는 경우)  
""친구야, '가' 다음 'ㄴ' 받침을 어떻게 읽을까? '가' + 'ㄴ' = ?""  

(학생 이름 있는 경우)  
""지아야, '가' + 'ㄴ' = '가' 뒤에 'ㄴ' 소리 어떻게 내는지 알려줘! (힌트: '가' 후 혀는 입천장에 붙어요!)""  

*지아가 막혔을 때*  
""음~ '가' 다음 'ㄴ' 받침을 못 읽겠으면, '가' + '이' = '가이' → '가이' + 'ㄴ' = '가이-응' → '가-지'! 이렇게 해봐~""  

(잘 읽었을 때)  
""뽀로롱?!"" **'가지'** 맞았어! 지아가 스스로 해냈어!  

*다음 단어로도 같은 방식으로 진행*  
""다음 단어! '나' + 'ㅂ' 받침. '나' 후 'ㅂ'은 입술을 동글게! '나' + 'ㅂ' = ?""  

(학생 대답 후)  
""맞아! '나' + 'ㅂ' = '나비'! 지아가 나비처럼 날고 있네~""  

*마지막에 Teach-Back*  
""지아야, 오늘 '가' + 'ㄴ' = '가지'였지? '나' + 'ㅂ' = '나비'! 한 번 더 말해볼래?""  

(격려)  
""잘하고 있어! 조금 힘들어도 괜찮아요. 천천히 한 걸음씩 가면 돼~""  

*학생이 힘들어하면*  
""오늘은 '가지', '나비' 두 개만 완벽해지면 대성공이야! 함께 해내자!""  

(작별)  
""오늘 정말 잘했어! 뽀롱~ 내일은 더 재미있는 낱말로 만나자!""",,text,
graph,lower-low-diligent,지아,2,lower,못함+성실,lower,low,diligent,못함+성실,True,국어,국어,72,86,75,4,3,False,False,False,개념 부족,문장 뜻 파악,1,4,1. 국어 - 받침이 있는 낱말 읽기 | 2. 수학 - 한 자리 수 더하기 | 3. 통합 - 봄 관찰하기 | 4. 영어 - 알파벳 익히기,국어,받침이 있는 낱말 읽기,하,72,lower_korean_reading_001,tp2,talk,1,,TP2 unit completed,True,False,"지아야, 안녕! 뽀롱~  
오늘 열심히 해줘서 고마워! 🌟  

국어 받침 읽기, 수학 더하기, 통합 봄 관찰, 영어 알파벳 중에  
**어떤 걸 먼저 해볼까?**  
재미있을 것 같은 걸 골라보자!  

(작은 목소리로) 쌤은 지아가 좋아하는 걸 함께 하고 싶어~  
*빨간 책을 펼치며* ""여기 보면 아직 다 안 한 게 있네?!""  

> 예시: ""지아야, 영어 알파벳은 노래도 있어! 같이 불러볼까~?""  
> 또는 ""수학 더하기는 스티커로 놀이처럼 할 수 있어!""  

지아가 원하는 걸 말해주면 함께 시작해보자! 😊",,text,
graph,lower-low-diligent,지아,2,lower,못함+성실,lower,low,diligent,못함+성실,True,국어,국어,72,86,75,4,3,False,False,False,개념 부족,문장 뜻 파악,1,4,1. 국어 - 받침이 있는 낱말 읽기 | 2. 수학 - 한 자리 수 더하기 | 3. 통합 - 봄 관찰하기 | 4. 영어 - 알파벳 익히기,국어,받침이 있는 낱말 읽기,하,72,lower_korean_reading_001,tp2,chat,2,,TP2 unit completed simulated student follow-up,True,False,"오, 좋아! 지아야, 어떤 걸 해볼지 말해주면  
쌤이 바로 준비해볼게~  

*기대감 넘치는 목소리로*  
""수학 문제? 영어 단어? 아니면 봄 관찰 일기?""  
**어떤 걸 먼저 할까?**  

> 예시: ""수학 문제를 푼다면, 지아가 좋아하는 동물 그림으로 설명해줄게!""  
> 또는 ""영어 단어는 노래로 배우면 재미날 거야~""  

지아가 선택한 걸로 **한 단계씩** 천천히 해보자!  
(작은 목소리로) ""쌤이 옆에서 지켜볼게, 걱정 마~"" 😊  

> [참고] 이전 대화 맥락이 없어 기본 응답 제공. 구체적인 학습 내용이 있다면 알려주세요!",,text,
graph,lower-low-diligent,지아,2,lower,못함+성실,lower,low,diligent,못함+성실,True,국어,국어,72,86,75,4,3,False,False,False,개념 부족,문장 뜻 파악,1,4,1. 국어 - 받침이 있는 낱말 읽기 | 2. 수학 - 한 자리 수 더하기 | 3. 통합 - 봄 관찰하기 | 4. 영어 - 알파벳 익히기,국어,받침이 있는 낱말 읽기,하,72,lower_korean_reading_001,tp3,talk,1,,TP3 exit prevention,True,False,"지아야, 받침이 조금 어려울 수 있지~ 쌤도 어릴 때 그랬어!  
한 개만 같이 해볼까? **""공""**과 **""책""** 중에 어느 걸 먼저 읽어보자?  
(선택지: 1. 공! 2. 책!)  

뽀로롱?! 어떤 걸 골라도 지아가 주인공이야 :D",,text,
graph,lower-low-diligent,지아,2,lower,못함+성실,lower,low,diligent,못함+성실,True,국어,국어,72,86,75,4,3,False,False,False,개념 부족,문장 뜻 파악,1,4,1. 국어 - 받침이 있는 낱말 읽기 | 2. 수학 - 한 자리 수 더하기 | 3. 통합 - 봄 관찰하기 | 4. 영어 - 알파벳 익히기,국어,받침이 있는 낱말 읽기,하,72,lower_korean_reading_001,tp3,chat,2,,TP3 exit prevention simulated student follow-up,True,False,"지아야, 조금만 더 해보자! 오늘 이렇게 열심히 하는 모습 보니 쌤이 너무 기뻐~  
(손가락으로 책을 가리키며) 여기 **""구름""**과 **""문""** 중에 어떤 받침이 더 쉬워 보여?  
- 구름: ㄱ+ㅜ+ㄹ+ㅇ+ㅁ  
- 문: ㅁ+ㅜ+ㄴ  

한 글자씩 천천히 보면 할 수 있어! 지아가 직접 골라보자 :D  
(선택지: 1. 구름! 2. 문!)  

> 💡 **힌트**: ""문""은 받침이 하나뿐이야! (ㄴ)  

지아야, 오늘도 우리 함께 한 걸음 더! 뽀롱~ ✨",,text,
graph,lower-low-diligent,지아,2,lower,못함+성실,lower,low,diligent,못함+성실,True,국어,국어,72,86,75,4,3,False,False,False,개념 부족,문장 뜻 파악,1,4,1. 국어 - 받침이 있는 낱말 읽기 | 2. 수학 - 한 자리 수 더하기 | 3. 통합 - 봄 관찰하기 | 4. 영어 - 알파벳 익히기,국어,받침이 있는 낱말 읽기,하,72,lower_korean_reading_001,tp4,learning,1,,TP4 stuck: cause choices,True,False,,받침이 있는지 잘 모르겠어요 | 글자들이 헷갈려요 | 어떻게 시작해야 할지 모르겠어요,choices,
graph,lower-low-diligent,지아,2,lower,못함+성실,lower,low,diligent,못함+성실,True,국어,국어,72,86,75,4,3,False,False,False,개념 부족,문장 뜻 파악,1,4,1. 국어 - 받침이 있는 낱말 읽기 | 2. 수학 - 한 자리 수 더하기 | 3. 통합 - 봄 관찰하기 | 4. 영어 - 알파벳 익히기,국어,받침이 있는 낱말 읽기,하,72,lower_korean_reading_001,tp4,learning,2,hard_to_identify_receiving_letter,TP4 stuck: coaching after cause,True,False,,,hint_card|image_card,
graph,lower-low-diligent,지아,2,lower,못함+성실,lower,low,diligent,못함+성실,True,국어,국어,72,86,75,4,3,False,False,False,개념 부족,문장 뜻 파악,1,4,1. 국어 - 받침이 있는 낱말 읽기 | 2. 수학 - 한 자리 수 더하기 | 3. 통합 - 봄 관찰하기 | 4. 영어 - 알파벳 익히기,국어,받침이 있는 낱말 읽기,하,72,lower_korean_reading_001,tp4,learning,3,,TP4 coaching follow-up 1,True,False,"지아야, 받침은 글자 아래에 작게 붙은 거란다. 예를 들어 '책'에서 'ㄱ'이 아래에 붙어 있지? 다른 낱말들은 아래에 아무것도 없어~",,text|image_card,
graph,lower-low-diligent,지아,2,lower,못함+성실,lower,low,diligent,못함+성실,True,국어,국어,72,86,75,4,3,False,False,False,개념 부족,문장 뜻 파악,1,4,1. 국어 - 받침이 있는 낱말 읽기 | 2. 수학 - 한 자리 수 더하기 | 3. 통합 - 봄 관찰하기 | 4. 영어 - 알파벳 익히기,국어,받침이 있는 낱말 읽기,하,72,lower_korean_reading_001,tp4,learning,4,,TP4 coaching follow-up 2,True,False,"지아야, 이건 나눗셈 문제가 아니라 받침 찾기 문제야~ 책에 있는 'ㄱ' 받침만 찾으면 돼! 다른 낱말들은 아래에 아무것도 없어. 같이 하나씩 살펴볼까?",,text,
graph,lower-low-diligent,지아,2,lower,못함+성실,lower,low,diligent,못함+성실,True,국어,국어,72,86,75,4,3,False,False,False,개념 부족,문장 뜻 파악,1,4,1. 국어 - 받침이 있는 낱말 읽기 | 2. 수학 - 한 자리 수 더하기 | 3. 통합 - 봄 관찰하기 | 4. 영어 - 알파벳 익히기,국어,받침이 있는 낱말 읽기,하,72,lower_korean_reading_001,tp5,talk,1,,TP5 learning wrap-up,True,False,"지아야, 안녕! 뽀롱~  
오늘 네 가지 과제 중 세 개는 잘 마쳤네? 대단해!  
(빨간 책을 펼치며) 마지막 한 문제가 남았어.  
""여기 보자"" — 아까 틀린 문제를 다시 보면,  
**첫 번째 단계**에서 숫자 세기만 다시 해볼까?  
예를 들어 사과 5개 중 2개를 먹으면...?  

> ""3개 남았어!"" 라고 말해줘.  
> 그 다음 단계로 넘어갈게!  

쌤이 옆에 있을게. 천천히 해도 돼.  
한 번에 하나씩, 같이 풀어보자!  

(작은 학사모를 끄덕이며)  
""잘할 수 있어, 지아야!"" 뽀롱~",,text,
graph,lower-low-diligent,지아,2,lower,못함+성실,lower,low,diligent,못함+성실,True,국어,국어,72,86,75,4,3,False,False,False,개념 부족,문장 뜻 파악,1,4,1. 국어 - 받침이 있는 낱말 읽기 | 2. 수학 - 한 자리 수 더하기 | 3. 통합 - 봄 관찰하기 | 4. 영어 - 알파벳 익히기,국어,받침이 있는 낱말 읽기,하,72,lower_korean_reading_001,tp5,chat,2,,TP5 learning wrap-up simulated student follow-up,True,False,"오늘 정말 수고 많았어, 지아야!  
(약간의 아쉬움과 격려를 담아)  
""아까 숫자 세기 연습은 확실히 익혔네?""  
뽀롱쌤이 체크했어~ ✨  

내일은 남은 문제도 쉽게 풀릴 거야.  
오늘 공부한 내용을 머릿속으로 정리해보자:  
**""사과 5개 중 2개 먹기 → 3개 남음""**  
이걸 떠올려주면 내일 시작이 수월해질 거야.  

푹 쉬고 내일 만나요!  
뽀롱~ 안녕! 💫 (구름 캐릭터가 살포시 사라지는 모션)  

*(배경 지식: 학생의 집중력 소진 시점을 감지해 세션을 부드럽게 마감하며, 학습한 개념을 자연스럽게 상기시키는 응답 구성)*",,text,
graph,lower-low-lazy,민준,1,lower,못함+불성실,lower,low,lazy,못함+불성실,True,국어,통합,64,35,20,4,0,True,True,False,찍기,낱말 읽기,1,4,1. 국어 - 받침이 있는 낱말 읽기 | 2. 수학 - 한 자리 수 더하기 | 3. 통합 - 봄 관찰하기 | 4. 영어 - 알파벳 익히기,국어,받침이 있는 낱말 읽기,하,62,lower_korean_reading_001,tp1,talk,1,,TP1 home-screen entry,True,False,"민준아, 안녕! 뽀롱~  
**국어 - 받침이 있는 낱말 읽기** 어때?  
민준이가 좋아하는 국어라서 재미있게 할 수 있을 거야!  
짧은 낱말들로 구성되어 있어서 금방 끝낼 수 있고,  
쌤이 옆에서 응원해줄게~ 👍  
한번 해볼까? 뽀롱~ ✨  

> 💡 추천 이유: 선호 과목 + 난이도 하 + 즉시 성공 가능성 높음  
> (학생의 관심사 반영 + 쉬운 난이도 + 흥미 유도)",,text,
graph,lower-low-lazy,민준,1,lower,못함+불성실,lower,low,lazy,못함+불성실,True,국어,통합,64,35,20,4,0,True,True,False,찍기,낱말 읽기,1,4,1. 국어 - 받침이 있는 낱말 읽기 | 2. 수학 - 한 자리 수 더하기 | 3. 통합 - 봄 관찰하기 | 4. 영어 - 알파벳 익히기,국어,받침이 있는 낱말 읽기,하,62,lower_korean_reading_001,tp1,chat,2,,TP1 home-screen entry simulated student follow-up,True,False,"와, 민준아! 잘 생각해봐~  
**가**에 어떤 받침을 붙이면 될까?  
( 공책에 써보며) 'ㄱ'을 붙이면 **각**!  
'ㄴ'을 붙이면 **간**! 이렇게 쉽게 할 수 있어.  

> 📘 **초간단 연습**  
> 1. '가' + 'ㅁ' = ?  
> 2. '나' + 'ㅂ' = ?  
> 3. '다' + 'ㄹ' = ?  

한 번 써보면서 읽어볼까?  
쌤이 옆에 있을게! ✏️ (막히면 바로 도와줄게)  

> 💡 **동기 유지**: 3문제만 해도 ""우리 민준이 최고!"" 즉시 칭찬 예정!",,text,
graph,lower-low-lazy,민준,1,lower,못함+불성실,lower,low,lazy,못함+불성실,True,국어,통합,64,35,20,4,0,True,True,False,찍기,낱말 읽기,1,4,1. 국어 - 받침이 있는 낱말 읽기 | 2. 수학 - 한 자리 수 더하기 | 3. 통합 - 봄 관찰하기 | 4. 영어 - 알파벳 익히기,국어,받침이 있는 낱말 읽기,하,62,lower_korean_reading_001,tp2,talk,1,,TP2 unit completed,True,False,"민준아, 안녕! 뽀롱~  
오늘 처음 시작했네! 정말 대단해!  

국어, 수학, 통합, 영어 중에서  
가장 재밌는 걸로 하나만 골라볼까?  
쌤이 옆에서 도와줄게~  

(예시: ""알파벳 A가 뭔지 알아볼까?"")  
뽀롱~ 민준이 선택은? 😊  

*(학생이 선택하기 쉽도록 분야를 제시해 흥미를 유도합니다)*",,text,
graph,lower-low-lazy,민준,1,lower,못함+불성실,lower,low,lazy,못함+불성실,True,국어,통합,64,35,20,4,0,True,True,False,찍기,낱말 읽기,1,4,1. 국어 - 받침이 있는 낱말 읽기 | 2. 수학 - 한 자리 수 더하기 | 3. 통합 - 봄 관찰하기 | 4. 영어 - 알파벳 익히기,국어,받침이 있는 낱말 읽기,하,62,lower_korean_reading_001,tp2,chat,2,,TP2 unit completed simulated student follow-up,True,False,"서연아, 좋아! 뽀롱~  
어떤 걸 해보고 싶어?  
쌤이 아주 쉬운 걸로 딱 준비해뒀어!  

1️⃣ 색깔 이름 맞추기  
2️⃣ 간단한 숫자 세기  
3️⃣ 동물 소리 맞히기  

딱 하나만 골라보자!  
서연이가 좋아하는 걸로~  
*(학생의 반응을 기다리며 미소 이모티콘 😊)*  

> 예: ""강아지 소리가 뭘까~? 멍멍? 꽥꽥?""  
> *(흥미 유도를 위해 쉬운 퀴즈를 제시합니다)*",,text,
graph,lower-low-lazy,민준,1,lower,못함+불성실,lower,low,lazy,못함+불성실,True,국어,통합,64,35,20,4,0,True,True,False,찍기,낱말 읽기,1,4,1. 국어 - 받침이 있는 낱말 읽기 | 2. 수학 - 한 자리 수 더하기 | 3. 통합 - 봄 관찰하기 | 4. 영어 - 알파벳 익히기,국어,받침이 있는 낱말 읽기,하,62,lower_korean_reading_001,tp3,talk,1,,TP3 exit prevention,True,False,"민준아, 안녕! 뽀롱~  
국어 낱말 읽기 조금 힘들었구나. 쌤이랑 딱 하나만 더 해볼까?  
1. ""공"" 같이 쉬운 글자부터 다시 읽어보자!  
2. 재미있는 동물 이름 카드는 어때?  
3. 오늘은 여기까지 하고 내일 다시 도전하는 건?  
편한 걸로 골라줘~!",,text,
graph,lower-low-lazy,민준,1,lower,못함+불성실,lower,low,lazy,못함+불성실,True,국어,통합,64,35,20,4,0,True,True,False,찍기,낱말 읽기,1,4,1. 국어 - 받침이 있는 낱말 읽기 | 2. 수학 - 한 자리 수 더하기 | 3. 통합 - 봄 관찰하기 | 4. 영어 - 알파벳 익히기,국어,받침이 있는 낱말 읽기,하,62,lower_korean_reading_001,tp3,chat,2,,TP3 exit prevention simulated student follow-up,True,False,"오, 민준아! 용기 내는 모습 멋지다~ 뽀롱!  
그럼 쌤이 준비한 '초간단 낱말 카드'로 딱 3개만 같이 볼까?  
(카드 보여주며)  
1. ""강아지"" - 우리 집에도 있는 견종이야!  
2. ""바나나"" - 민준이가 좋아하는 노란 과일~  
3. ""자동차"" - 오늘은 몇 대 봤는지 세어보자!  

어떤 카드부터 읽어볼래? 손가락 하나씩 가리켜줘~!  
(학생이 선택하면) ""맞아! 그 글자네~"" 하며 같이 읽기!  

힘들면 언제든 손 흔들어주고,  
잘하면 ""뽀로롱?!"" 하며 하이파이브~! 😊",,text,
graph,lower-low-lazy,민준,1,lower,못함+불성실,lower,low,lazy,못함+불성실,True,국어,통합,64,35,20,4,0,True,True,False,찍기,낱말 읽기,1,4,1. 국어 - 받침이 있는 낱말 읽기 | 2. 수학 - 한 자리 수 더하기 | 3. 통합 - 봄 관찰하기 | 4. 영어 - 알파벳 익히기,국어,받침이 있는 낱말 읽기,하,62,lower_korean_reading_001,tp4,learning,1,,TP4 stuck: cause choices,True,False,"[민준이가 현재 어떤 어려움을 겪고 있는지 정확히 파악하기 위해 send_causes를 호출했습니다. ""못함+불성실"" 세그먼트에 맞춰 구체적인 막힘 원인을 학생 친화적인 선택지로 제시하여, 다음 단계에서 맞춤형 힌트를 제공할 수 있도록 합니다. 3개 이하의 부담 없는 선택지 구성은 학생의 낮은 동기 수준을 고려한 것입니다]  

(추가 설명: 일반 지식만으로 답변할 수 없는 상황이며, 학생의 현재 상태를 파악하는 것이 문제 해결의 첫 단계로 필수적이므로 이 함수 호출이 반드시 필요합니다)",,text,
graph,lower-low-lazy,민준,1,lower,못함+불성실,lower,low,lazy,못함+불성실,True,국어,통합,64,35,20,4,0,True,True,False,찍기,낱말 읽기,1,4,1. 국어 - 받침이 있는 낱말 읽기 | 2. 수학 - 한 자리 수 더하기 | 3. 통합 - 봄 관찰하기 | 4. 영어 - 알파벳 익히기,국어,받침이 있는 낱말 읽기,하,62,lower_korean_reading_001,tp4,learning,2,confused_question,TP4 stuck: coaching after cause,True,False,,받침이 있는지 잘 모르겠어 | 집중이 안 돼 | 문제가 재미없어,choices,
graph,lower-low-lazy,민준,1,lower,못함+불성실,lower,low,lazy,못함+불성실,True,국어,통합,64,35,20,4,0,True,True,False,찍기,낱말 읽기,1,4,1. 국어 - 받침이 있는 낱말 읽기 | 2. 수학 - 한 자리 수 더하기 | 3. 통합 - 봄 관찰하기 | 4. 영어 - 알파벳 익히기,국어,받침이 있는 낱말 읽기,하,62,lower_korean_reading_001,tp4,learning,3,,TP4 coaching follow-up 1,True,False,"민준아, 오늘은 받침 찾기 놀이 해볼까? 책, 나무, 아이, 오이 중에 '받침'이 있는 걸 찾는 거야. 받침은 글자 아래에 살짝 붙은 작은 글자야. 예를 들어 '책'은 'ㅊ' 아래에 'ㄱ'이 붙어있잖아. 다른 글자들은 아래에 아무것도 없어. 한 번 같이 확인해보자!",,text,
graph,lower-low-lazy,민준,1,lower,못함+불성실,lower,low,lazy,못함+불성실,True,국어,통합,64,35,20,4,0,True,True,False,찍기,낱말 읽기,1,4,1. 국어 - 받침이 있는 낱말 읽기 | 2. 수학 - 한 자리 수 더하기 | 3. 통합 - 봄 관찰하기 | 4. 영어 - 알파벳 익히기,국어,받침이 있는 낱말 읽기,하,62,lower_korean_reading_001,tp4,learning,4,,TP4 coaching follow-up 2,True,False,,,hint_card,
graph,lower-low-lazy,민준,1,lower,못함+불성실,lower,low,lazy,못함+불성실,True,국어,통합,64,35,20,4,0,True,True,False,찍기,낱말 읽기,1,4,1. 국어 - 받침이 있는 낱말 읽기 | 2. 수학 - 한 자리 수 더하기 | 3. 통합 - 봄 관찰하기 | 4. 영어 - 알파벳 익히기,국어,받침이 있는 낱말 읽기,하,62,lower_korean_reading_001,tp5,talk,1,,TP5 learning wrap-up,True,False,"민준아, 안녕! 뽀롱~  
오늘 좀 힘들었니? 괜찮아요!  
쌤이랑 **딱 하나만** 더 해보자.  
(간단한 문제 1개 제시)  

""7-3=?""  
한 번 생각해 볼까? ✨  

(학생 반응 후)  
""4! 맞았어! 잘했어~""  
(오답 시) ""음~ 다시 봐보자. 7에서 3을 떼면?""  

오늘 이만큼도 정말 대단해!  
뽀롱~ 내일은 더 쉽게 느껴져~ 또 보자! 🌈",,text,
graph,lower-low-lazy,민준,1,lower,못함+불성실,lower,low,lazy,못함+불성실,True,국어,통합,64,35,20,4,0,True,True,False,찍기,낱말 읽기,1,4,1. 국어 - 받침이 있는 낱말 읽기 | 2. 수학 - 한 자리 수 더하기 | 3. 통합 - 봄 관찰하기 | 4. 영어 - 알파벳 익히기,국어,받침이 있는 낱말 읽기,하,62,lower_korean_reading_001,tp5,chat,2,,TP5 learning wrap-up simulated student follow-up,True,False,"서연아, 알겠어! 오늘 정말 잘했어.  
**딱 이만큼**도 큰 한 걸음이었어.  

오늘은 여기서 쉬자.  
쌤은 항상 네 편이야!  

내일 또 쉬운 문제로 만날게.  
뽀롱~ 잘 자요! 🌙✨",,text,
graph,upper-low-diligent,서연,6,upper,못함+성실,upper,low,diligent,못함+성실,True,수학,과학,73,88,75,4,3,False,False,False,개념 부족,비율과 비례식,1,4,1. 수학 - 비율과 비례식 | 2. 과학 - 생태계와 환경 | 3. 국어 - 주장과 근거 파악하기 | 4. 사회 - 세계 여러 나라의 환경,수학,비율과 비례식,중,73,math_ratio_saltwater_001,tp1,talk,1,,TP1 home-screen entry,True,False,"서연아, 안녕! 뽀롱~  
쌤이 오늘은 **""과학 - 생태계와 환경""**을 추천해요!  
서연이가 과학을 강하고, 예상 점수도 84점으로 가장 높거든.  
어려운 내용 없이 재미있게 풀 수 있을 거야.  
시작해볼까요? 😊  

(학생이 선택한 경우)  
""생태계와 환경에서 어떤 부분이 가장 궁금해?""  
라고 질문하며 자연스럽게 학습 유도!  

(학생이 망설이는 경우)  
""어렵다고 느껴지면 쌤이 단계별로 힌트 줄게요.  
함께 해볼까요?"" 라고 격려합니다.",,text,
graph,upper-low-diligent,서연,6,upper,못함+성실,upper,low,diligent,못함+성실,True,수학,과학,73,88,75,4,3,False,False,False,개념 부족,비율과 비례식,1,4,1. 수학 - 비율과 비례식 | 2. 과학 - 생태계와 환경 | 3. 국어 - 주장과 근거 파악하기 | 4. 사회 - 세계 여러 나라의 환경,수학,비율과 비례식,중,73,math_ratio_saltwater_001,tp1,chat,2,,TP1 home-screen entry simulated student follow-up,True,False,"서연아, 비율 시작~!  
""12:18을 가장 간단한 자연수의 비로 나타내려면 어떻게 해야 할까?""  
라고 물어보며 손을 꼭 잡아줄 거예요.  

(학생이 막히지 않으면)  
""두 수의 **공통된 약수**를 찾아봐야겠네. 12와 18의 약수는?""  
라고 질문해 스스로 생각하도록 유도.  

(학생이 고민하면)  
""12는 1, 2, 3, 4, 6, 12 / 18은 1, 2, 3, 6, 9, 18이네.  
**가장 큰 공통 약수**는?""  
라고 힌트를 줍니다.  

(정답 도달 시)  
""6으로 나누면 2:3! 뽀로롱?!""  
라고 감탄하며 **직접 설명하게** 요청:  
""서연이가 선생님한테 12:18을 간단히 만드는 과정을 설명해볼까요?""  

(학생이 틀리면)  
""다시 생각해볼까? 12÷6=2, 18÷6=3이니까...""  
라고 부드럽게 교정합니다.  

> ✨ **핵심 전략**:  
> 1. **공통 약수 찾기** → 2. **최대공약수로 나누기** → 3. **Teach-Back**으로 이해 확인  
> 4. ""이런 비율이면 피자 2판 vs 3판 같은 거겠네!"" **실생활 예시**로 연결",,text,
graph,upper-low-diligent,서연,6,upper,못함+성실,upper,low,diligent,못함+성실,True,수학,과학,73,88,75,4,3,False,False,False,개념 부족,비율과 비례식,1,4,1. 수학 - 비율과 비례식 | 2. 과학 - 생태계와 환경 | 3. 국어 - 주장과 근거 파악하기 | 4. 사회 - 세계 여러 나라의 환경,수학,비율과 비례식,중,73,math_ratio_saltwater_001,tp2,talk,1,,TP2 unit completed,True,False,"서연아, 안녕! 뽀롱~  
과제 목록을 보니 벌써 시작하는 마음가짐부터 대단해요. 😊  
일단 오늘은 **""국어: 주장과 근거 파악하기""**부터 어때요?  
논리적으로 글을 분석하는 훈련은 다른 과목에도 도움이 된답니다.  
교과서에서 주장하는 문장이 보이면 꼭 밑줄 그어보세요.  
(예: ""플라스틱 사용을 줄여야 한다 → 왜냐하면 해양 생물이 피해를 입기 때문이다"")  
쌤이 힌트 줄게요: 주장은 주장색 볼펜, 근거는 근거색 포스트잇으로 구분해 볼까요?  
막힘 없이 술술 풀릴 거예요. 뽀롱~ 화이팅!  

[추가 격려]  
> ""서연이가 처음에 막힐 때마다 쌤은 빨간 책에서 힌트 카드를 보여줄게요.  
> 천천히 가도 되니까 부담 갖지 말고요!""  

다음 단계는 서연이의 진도에 맞춰 조정할게요. 😊",,text,
graph,upper-low-diligent,서연,6,upper,못함+성실,upper,low,diligent,못함+성실,True,수학,과학,73,88,75,4,3,False,False,False,개념 부족,비율과 비례식,1,4,1. 수학 - 비율과 비례식 | 2. 과학 - 생태계와 환경 | 3. 국어 - 주장과 근거 파악하기 | 4. 사회 - 세계 여러 나라의 환경,수학,비율과 비례식,중,73,math_ratio_saltwater_001,tp2,chat,2,,TP2 unit completed simulated student follow-up,True,False,"민준아, 자신감 넘치는 태도가 보기 좋아요! 뽀롱~  
이번에는 **""수학: 분수의 덧셈과 뺄셈 응용 문제""**를 추천해요.  
교과서 45페이지의 피자 배분 문제부터 시작하면 쉬워요.  
(예: ""피자 3/4개 + 1/2개 = ?"" → 분모를 통분하는 게 핵심!)  

**쌤표 힌트 3단계**  
1. [시각화] 그림을 그려 분모가 다른 피자를 겹쳐보기  
2. [계산] 3/4 = 6/8, 1/2 = 4/8 → 6/8 + 4/8 = ?  
3. [검증] 결과가 1보다 크면 대분수로 변환하기  

> ""막히는 부분이 있다면, 민준이가 이해한 부분까지 설명해줄래요?  
> 예를 들어 '분모 통분은 알겠는데 계산이 헷갈려' 이런 식으로요!""  

쌤이 빨간 책으로 단계별로 응원할게요.  
(어려운 문제는 포스트잇에 적어두면 다음에 함께 풀어봐요!)  

---  
**💡 오늘의 뽀롱쌤 팁**  
""수학 문제는 틀린 답도 하나의 단서예요.  
계산 과정을 보면서 '어디서 방향이 틀어졌을까?' 찾아보는 게 중요해요!""  

힘들면 언제든 손들어 주세요. 뽀롱~ 😊",,text,
graph,upper-low-diligent,서연,6,upper,못함+성실,upper,low,diligent,못함+성실,True,수학,과학,73,88,75,4,3,False,False,False,개념 부족,비율과 비례식,1,4,1. 수학 - 비율과 비례식 | 2. 과학 - 생태계와 환경 | 3. 국어 - 주장과 근거 파악하기 | 4. 사회 - 세계 여러 나라의 환경,수학,비율과 비례식,중,73,math_ratio_saltwater_001,tp3,talk,1,,TP3 exit prevention,True,False,"서연아, 지금 좀 지치죠? 쌤도 그런 적 있어. 일단 책상에서 일어나 물 한 잔 마시고, **이 문제 하나만** 같이 볼까?  
1️⃣ ""사과 3개에 600원""이라는 조건에서 비례식을 세워보자  
2️⃣ 잠깐 숨 돌리기 후 다음에 이어서 해요  
원하는 걸로 고르렴💛",,text,
graph,upper-low-diligent,서연,6,upper,못함+성실,upper,low,diligent,못함+성실,True,수학,과학,73,88,75,4,3,False,False,False,개념 부족,비율과 비례식,1,4,1. 수학 - 비율과 비례식 | 2. 과학 - 생태계와 환경 | 3. 국어 - 주장과 근거 파악하기 | 4. 사회 - 세계 여러 나라의 환경,수학,비율과 비례식,중,73,math_ratio_saltwater_001,tp3,chat,2,,TP3 exit prevention simulated student follow-up,True,False,"오, 서연아! 그렇게 말하는 걸 보니 **스스로 답을 찾고 싶은 마음**이 느껴져. 쌤이 응원할게!  
(빨간 책을 펼치며)  
""사과 3개=600원"" → ""1개=?""를 먼저 풀어볼까요?  
→ 3개 묶음을 3개로 나누면? (손가락으로 3등분 동작)  
→ 600÷3=200원! 이렇게 **단위당 가격**을 찾는 게 핵심이에요.  

한 번 더 해볼까요?  
""그럼 5개면?"" → 200×5=1000원!  
서연이가 직접 계산해보렴. (기다림)  

> ✨ **작은 성공 경험**이 자신감을 키워요.  
> ""나 혼자 풀었는데?"" 하는 순간이 곧 올 거예요!  

필요하면 언제든 쌤을 불러요~ 뽀롱~",,text,
graph,upper-low-diligent,서연,6,upper,못함+성실,upper,low,diligent,못함+성실,True,수학,과학,73,88,75,4,3,False,False,False,개념 부족,비율과 비례식,1,4,1. 수학 - 비율과 비례식 | 2. 과학 - 생태계와 환경 | 3. 국어 - 주장과 근거 파악하기 | 4. 사회 - 세계 여러 나라의 환경,수학,비율과 비례식,중,73,math_ratio_saltwater_001,tp4,learning,1,,TP4 stuck: cause choices,True,False,,비율 계산 방법을 잘 모르겠어요 | 계산 과정에서 실수가 있었어요 | 문제를 이해하는 게 어려워요 | 단위 변환에 혼란이 있어요,choices,
graph,upper-low-diligent,서연,6,upper,못함+성실,upper,low,diligent,못함+성실,True,수학,과학,73,88,75,4,3,False,False,False,개념 부족,비율과 비례식,1,4,1. 수학 - 비율과 비례식 | 2. 과학 - 생태계와 환경 | 3. 국어 - 주장과 근거 파악하기 | 4. 사회 - 세계 여러 나라의 환경,수학,비율과 비례식,중,73,math_ratio_saltwater_001,tp4,learning,2,concept_confusion,TP4 stuck: coaching after cause,True,False,,,hint_card,
graph,upper-low-diligent,서연,6,upper,못함+성실,upper,low,diligent,못함+성실,True,수학,과학,73,88,75,4,3,False,False,False,개념 부족,비율과 비례식,1,4,1. 수학 - 비율과 비례식 | 2. 과학 - 생태계와 환경 | 3. 국어 - 주장과 근거 파악하기 | 4. 사회 - 세계 여러 나라의 환경,수학,비율과 비례식,중,73,math_ratio_saltwater_001,tp4,learning,3,,TP4 coaching follow-up 1,True,False,"서연아, 소금물의 총량에서 소금이 차지하는 비율을 찾는 거예요! 각 비커의 '소금의 양'을 '소금물의 양'으로 나누는 게 핵심이에요. 먼저 (가) 비커부터 37÷148을 계산해볼까요?",,hint_card|text,
graph,upper-low-diligent,서연,6,upper,못함+성실,upper,low,diligent,못함+성실,True,수학,과학,73,88,75,4,3,False,False,False,개념 부족,비율과 비례식,1,4,1. 수학 - 비율과 비례식 | 2. 과학 - 생태계와 환경 | 3. 국어 - 주장과 근거 파악하기 | 4. 사회 - 세계 여러 나라의 환경,수학,비율과 비례식,중,73,math_ratio_saltwater_001,tp4,learning,4,,TP4 coaching follow-up 2,True,False,"서연아, 맞아요! 비교하는 양(소금)을 전체 양(소금물)으로 나누는 게 정답이에요. 예를 들어 (가) 비커에서는 '소금 37g'이 '소금물 148g' 전체 중 얼마나 차지하는지 알아보는 거죠. 37÷148을 계산하면 0.25가 나와요. 이제 (나) 비커도 같은 방법으로 76÷380을 계산해볼까요?",,text,
graph,upper-low-diligent,서연,6,upper,못함+성실,upper,low,diligent,못함+성실,True,수학,과학,73,88,75,4,3,False,False,False,개념 부족,비율과 비례식,1,4,1. 수학 - 비율과 비례식 | 2. 과학 - 생태계와 환경 | 3. 국어 - 주장과 근거 파악하기 | 4. 사회 - 세계 여러 나라의 환경,수학,비율과 비례식,중,73,math_ratio_saltwater_001,tp5,talk,1,,TP5 learning wrap-up,True,False,"서연아, 안녕! 뽀롱~  
오늘 네 문제를 다 풀었는데 아직 한 문제가 남았네.  
""음~ 가만 있어보자."" 이 문제는 아까 서연이가 조금 고민했던 것 같은데,  
교과서 23페이지 세 번째 문단에서 비슷한 예시를 봤던 것 같아.  
거기 보면 '비교하는 조건'이 핵심 포인트였어.  

지금 다시 보면 어떤 부분이 막히는지 말해줄 수 있을까?  
쌤이 빨간 책에 적어둔 힌트를 보면,  
""두 값을 동시에 만족하는 경우는 어떤 경우일까?""라고 써있더라.  

서연이가 직접 말로 설명해볼 때 가장 잘 이해되니까,  
지금 생각한 걸 한 번 말해보는 건 어때?  
(✧◡✧)  

> *마지막에 아이가 이해한 내용을 말로 설명하게 유도하는 것이 목표입니다.  
> ""서연이가 이해한 대로 쌤에게 가르쳐줄래?""라고 자연스럽게 연결할 예정입니다.*",,text,
graph,upper-low-diligent,서연,6,upper,못함+성실,upper,low,diligent,못함+성실,True,수학,과학,73,88,75,4,3,False,False,False,개념 부족,비율과 비례식,1,4,1. 수학 - 비율과 비례식 | 2. 과학 - 생태계와 환경 | 3. 국어 - 주장과 근거 파악하기 | 4. 사회 - 세계 여러 나라의 환경,수학,비율과 비례식,중,73,math_ratio_saltwater_001,tp5,chat,2,,TP5 learning wrap-up simulated student follow-up,True,False,"알겠어, 서연아! 오늘 정말 열심히 했어.  
문제를 하나씩 정리해가는 모습이 보기 좋았어.  

내일 다시 만날 때는 오늘 고민했던 부분을  
조금 더 쉽게 풀어보자. 빨간 책에 적어둔 힌트도 함께 보면 좋을 것 같아.  

오늘 잘 했어! 뽀롱~ 또 보자. 😊  

*학생 이름을 정확히 알 수 없는 경우 ""친구야~""로 호칭을 변경합니다.*",,text,
graph,upper-low-lazy,준서,5,upper,못함+불성실,upper,low,lazy,못함+불성실,True,수학,과학,68,35,25,5,1,True,True,False,개념 부족,비율 계산 오류,1,4,1. 수학 - 비율과 비례식 | 2. 과학 - 생태계와 환경 | 3. 국어 - 주장과 근거 파악하기 | 4. 사회 - 세계 여러 나라의 환경,수학,비율과 비례식,상,58,math_ratio_saltwater_001,tp1,talk,1,,TP1 home-screen entry,True,False,"준서아, 안녕! 뽀롱~  
과학 - 생태계와 환경부터 시작해볼까요?  
(준서가 강한 과목이고, AI 예상점수도 78점으로 가장 높네! 12분 안에 5문제라서 부담도 적을 거예요.)  
짧게 풀어보면서 자신감 충전 먼저 해보면 어때요? 😊  

과학 카드를 클릭하면 바로 시작할 수 있어요~  
(쌤이 옆에서 응원할게!)",,text,
graph,upper-low-lazy,준서,5,upper,못함+불성실,upper,low,lazy,못함+불성실,True,수학,과학,68,35,25,5,1,True,True,False,개념 부족,비율 계산 오류,1,4,1. 수학 - 비율과 비례식 | 2. 과학 - 생태계와 환경 | 3. 국어 - 주장과 근거 파악하기 | 4. 사회 - 세계 여러 나라의 환경,수학,비율과 비례식,상,58,math_ratio_saltwater_001,tp1,chat,2,,TP1 home-screen entry simulated student follow-up,True,False,"오, 좋은 선택이야! 준서아~  
비율과 비례식은 **수학**에서 가장 재미있는 퍼즐 같은 부분이에요.  
(사실 준서가 약한 과목이라 조금 걱정되지만, 쌤이 아주 쉬운 문제로 준비했어!)  

**초간단 목표**: ""한 문제 만에 성공 경험 쌓기""  
> 문제: ""사과 3개가 600원일 때, 사과 5개는 얼마일까요?""  
> (힌트: 비율 = 비교, 비례식 = 등호 완성)  

바로 풀어볼까요? 아니면 문제 유형만 먼저 봐두고 싶을까요?  
(준서가 편한 대로 말해주면 돼요!)  

> 💡 작은 팁: ""3:600 = 5:?"" 이렇게 쓰면 답이 보인다고?  

자, 준비됐어요? 🍎 (쌤이 빨간 책으로 정답 가리고 있을게!)",,text,
graph,upper-low-lazy,준서,5,upper,못함+불성실,upper,low,lazy,못함+불성실,True,수학,과학,68,35,25,5,1,True,True,False,개념 부족,비율 계산 오류,1,4,1. 수학 - 비율과 비례식 | 2. 과학 - 생태계와 환경 | 3. 국어 - 주장과 근거 파악하기 | 4. 사회 - 세계 여러 나라의 환경,수학,비율과 비례식,상,58,math_ratio_saltwater_001,tp2,talk,1,,TP2 unit completed,True,False,"준서아, 오늘 첫 과제를 시작했구나!  
쌤은 엄청 기쁠 것 같아. (뽀로롱?!)  

지금 바로 하기 좋은 건 **과학: 생태계와 환경**이야.  
""생물들이 어떻게 서로 도우며 사는지"" 그림 찾아보며  
한 장씩만 같이 볼까? (총 3장 중 1장 먼저!)  

준서가 좋아하는 동물부터 골라도 돼!  
예를 들어 ""판다가 사는 숲"" 같은 걸로 시작할 수 있어.  

(작은 목표: ""오늘 1장만 보고 가장 재밌었던 부분 말해주기"" → 성공 경험 보장)  

어떤 동물부터 볼까? 😊",,text,
graph,upper-low-lazy,준서,5,upper,못함+불성실,upper,low,lazy,못함+불성실,True,수학,과학,68,35,25,5,1,True,True,False,개념 부족,비율 계산 오류,1,4,1. 수학 - 비율과 비례식 | 2. 과학 - 생태계와 환경 | 3. 국어 - 주장과 근거 파악하기 | 4. 사회 - 세계 여러 나라의 환경,수학,비율과 비례식,상,58,math_ratio_saltwater_001,tp2,chat,2,,TP2 unit completed simulated student follow-up,True,False,"오, 준서아! 바로 다음 걸 해보겠다고?  
(뽀로롱?!) 용기 대단해!  

이번엔 **수학: 도형 퍼즐**로 가볼까?  
""직사각형을 2개의 삼각형으로 나누는 법""만 같이 그려보자.  
(종이에 자 대고 선 1번만 그으면 끝!)  

> 1. 아무 직사각형 그리기  
> 2. 대각선으로 한 번 자르기  
> 3. ""두 개의 삼각형이 되었네!"" 외치기  

10초면 성공 가능! 지금 바로 해보까?  
(준비됐으면 ""자, 시작!"" 하고 대답해 줘)  

(※ 성공 시: ""와! 준서는 이미 수학 천재야"" / 실패 시: ""쌤이 옆에서 같이 그어줄까?"")",,text,
graph,upper-low-lazy,준서,5,upper,못함+불성실,upper,low,lazy,못함+불성실,True,수학,과학,68,35,25,5,1,True,True,False,개념 부족,비율 계산 오류,1,4,1. 수학 - 비율과 비례식 | 2. 과학 - 생태계와 환경 | 3. 국어 - 주장과 근거 파악하기 | 4. 사회 - 세계 여러 나라의 환경,수학,비율과 비례식,상,58,math_ratio_saltwater_001,tp3,talk,1,,TP3 exit prevention,True,False,"준서야, 오늘은 딱 하나만 같이 해볼까?  
1. 비율 개념만 간단하게 정리해보기  
2. 교과서 그림만 같이 훑어보기  
3. 쌤이 내는 초간단 퀴즈 하나 풀기  

어느 게 편할까? 천천히 생각해도 돼~ (선택지: 1/2/3)",,text,
graph,upper-low-lazy,준서,5,upper,못함+불성실,upper,low,lazy,못함+불성실,True,수학,과학,68,35,25,5,1,True,True,False,개념 부족,비율 계산 오류,1,4,1. 수학 - 비율과 비례식 | 2. 과학 - 생태계와 환경 | 3. 국어 - 주장과 근거 파악하기 | 4. 사회 - 세계 여러 나라의 환경,수학,비율과 비례식,상,58,math_ratio_saltwater_001,tp3,chat,2,,TP3 exit prevention simulated student follow-up,True,False,"오, 그런 마음 멋지다! 준서야.  
**3번 초간단 퀴즈로 시작**해보는 건 어때?  

""피자 1판을 5명이서 나눠 먹어요. 한 사람당 몇 조각?""  
(힌트: 조각 수는 쌤이 정할 수 있어!)  

고민되면 일단 피자 모양을 그려보는 것만으로도 충분해 😊  
> 힌트 필요? / 직접 풀어볼게요!  

선택만 해주면 쌤이 딱 맞춰서 도와줄게!",,text,
graph,upper-low-lazy,준서,5,upper,못함+불성실,upper,low,lazy,못함+불성실,True,수학,과학,68,35,25,5,1,True,True,False,개념 부족,비율 계산 오류,1,4,1. 수학 - 비율과 비례식 | 2. 과학 - 생태계와 환경 | 3. 국어 - 주장과 근거 파악하기 | 4. 사회 - 세계 여러 나라의 환경,수학,비율과 비례식,상,58,math_ratio_saltwater_001,tp4,learning,1,,TP4 stuck: cause choices,True,False,,비율을 어떻게 계산하는지 모르겠어요 | 문제가 무슨 말인지 잘 모르겠어요 | 계산이 너무 어려워요,choices,
graph,upper-low-lazy,준서,5,upper,못함+불성실,upper,low,lazy,못함+불성실,True,수학,과학,68,35,25,5,1,True,True,False,개념 부족,비율 계산 오류,1,4,1. 수학 - 비율과 비례식 | 2. 과학 - 생태계와 환경 | 3. 국어 - 주장과 근거 파악하기 | 4. 사회 - 세계 여러 나라의 환경,수학,비율과 비례식,상,58,math_ratio_saltwater_001,tp4,learning,2,not_understand_ratio,TP4 stuck: coaching after cause,True,False,"준서야, 쌤이랑 천천히 해볼까요? 소금물을 총 양으로 나눈 게 비율이에요. 먼저 (가) 비커 계산부터 같이 해볼까요?",,hint_card|text,
graph,upper-low-lazy,준서,5,upper,못함+불성실,upper,low,lazy,못함+불성실,True,수학,과학,68,35,25,5,1,True,True,False,개념 부족,비율 계산 오류,1,4,1. 수학 - 비율과 비례식 | 2. 과학 - 생태계와 환경 | 3. 국어 - 주장과 근거 파악하기 | 4. 사회 - 세계 여러 나라의 환경,수학,비율과 비례식,상,58,math_ratio_saltwater_001,tp4,learning,3,,TP4 coaching follow-up 1,True,False,"준서야, 빨간 책의 (가) 부분을 같이 보자. '소금의 양'은 37g, '소금물 총 양'은 148g이에요. 이 두 숫자만 기억하면 돼! 37을 148로 나누는 게 첫 단계야. 계산기가 있다면 37÷148을 입력해보세요. 직접 계산하려면 148로 37을 몇 번 넣을 수 있는지 생각해보면 돼요!",,hint_card|text,
graph,upper-low-lazy,준서,5,upper,못함+불성실,upper,low,lazy,못함+불성실,True,수학,과학,68,35,25,5,1,True,True,False,개념 부족,비율 계산 오류,1,4,1. 수학 - 비율과 비례식 | 2. 과학 - 생태계와 환경 | 3. 국어 - 주장과 근거 파악하기 | 4. 사회 - 세계 여러 나라의 환경,수학,비율과 비례식,상,58,math_ratio_saltwater_001,tp4,learning,4,,TP4 coaching follow-up 2,True,False,맞아요! 준서야. 비교하는 양(소금)을 전체 양(소금물)로 나누는 게 비율이에요. 37÷148을 계산했을 때 0.25가 나오는 걸 확인했나요? 이제 (나) 비커도 같은 방법으로 76÷380을 계산해볼까요?,,text,
graph,upper-low-lazy,준서,5,upper,못함+불성실,upper,low,lazy,못함+불성실,True,수학,과학,68,35,25,5,1,True,True,False,개념 부족,비율 계산 오류,1,4,1. 수학 - 비율과 비례식 | 2. 과학 - 생태계와 환경 | 3. 국어 - 주장과 근거 파악하기 | 4. 사회 - 세계 여러 나라의 환경,수학,비율과 비례식,상,58,math_ratio_saltwater_001,tp5,talk,1,,TP5 learning wrap-up,True,False,"준서야, 안녕! 뽀롱~  
오늘 네 평균 점수가 68점이라니, 꽤 잘했어!  
그런데 오답 4개가 남아 있는 걸 보니 마음이 좀 쓰이네.  

쌤이 딱 하나만 부탁해도 될까?  
""지금 바로 풀 수 있는 가장 쉬운 문제 1개""만 골라봐.  
(1) 가장 빨리 풀 것 같은 문제  
(2) 가장 자신 있는 문제  
(3) 가장 짧은 문제  

하나만 풀고 오늘 학습을 확실히 마무리해보는 건 어때?  
준서가 지금 바로 할 수 있는 걸 함께 찾아줄게!  

(준서가 어떤 문제를 선택하든, 그 문제 해결 단계만 함께 할 거예요)",,text,
graph,upper-low-lazy,준서,5,upper,못함+불성실,upper,low,lazy,못함+불성실,True,수학,과학,68,35,25,5,1,True,True,False,개념 부족,비율 계산 오류,1,4,1. 수학 - 비율과 비례식 | 2. 과학 - 생태계와 환경 | 3. 국어 - 주장과 근거 파악하기 | 4. 사회 - 세계 여러 나라의 환경,수학,비율과 비례식,상,58,math_ratio_saltwater_001,tp5,chat,2,,TP5 learning wrap-up simulated student follow-up,True,False,"알겠어, 준서. 오늘 정말 수고 많았어!  
4개 중 1개라도 다시 본 건 큰 첫 걸음이야.  

내일 다시 만날 때는 **준서가 가장 자신 있는 그 문제**를 바로 풀 수 있도록 쌤이 준비해볼게.  

오늘 잘 쉬다 와! 뽀롱~  

(※ 다음 학습 시: 학생이 선택한 1문제만 초밀착 코칭 + 작은 성공 경험 제공)",,text,
